{
    "status": "1",
    "msg": "\u6210\u529f",
    "ts": 1479455689,
    "data": {
        "topic": [{
                  "id": "459",
                  "type": "",
                  "type_id": "",
                  "title": "\u6821\u56ed\u5bbf\u820d\u751f\u6d3b\u597d\u7269",
                  "pic": "http:\/\/bt.img.17gwx.com\/topic\/0\/4\/dlRX\/600x330",
                  "is_recommend": false,
                  "is_show_like": true,
                  "islike": false,
                  "views": "595990",
                  "praises": "199706",
                  "likes": "199655",
                  "comments": "24",
                  "items": "10",
                  "update_time": "1433845276",
                  "dateline": "1433845276",
                  "create_time_str": "06\u670808\u65e5",
                  "datestr": "06\u670809\u65e5",
                  "pics": [],
                  "user": {
                  "user_id": "1",
                  "nickname": "\u5c0f\u7cd6\u541b",
                  "avatar": "http:\/\/7te7t9.com2.z0.glb.qiniucdn.com\/000\/00\/00\/01.jpg?v=4",
                  "is_official": 1,
                  "article_topic_count": "",
                  "post_count": ""
                  },
                  "trace_id": "",
                  "hide_new": true
                  }, {
                  "id": "1282",
                  "type": "",
                  "type_id": "",
                  "title": "\u770b\u770b\u5927\u5bb6\u90fd\u7231\u4e70\u4ec0\u4e48\uff01",
                  "pic": "http:\/\/bt.img.17gwx.com\/topic\/0\/12\/c1NWZg\/600x330",
                  "is_recommend": false,
                  "is_show_like": true,
                  "islike": false,
                  "views": "413862",
                  "praises": "181918",
                  "likes": "181900",
                  "comments": "3",
                  "items": "10",
                  "update_time": "1444883755",
                  "dateline": "1444883755",
                  "create_time_str": "10\u670815\u65e5",
                  "datestr": "10\u670815\u65e5",
                  "pics": [],
                  "user": {
                  "user_id": "1",
                  "nickname": "\u5c0f\u7cd6\u541b",
                  "avatar": "http:\/\/7te7t9.com2.z0.glb.qiniucdn.com\/000\/00\/00\/01.jpg?v=4",
                  "is_official": 1,
                  "article_topic_count": "",
                  "post_count": ""
                  },
                  "trace_id": "",
                  "hide_new": true
                  }, {
                  "id": "13740",
                  "type": "2",
                  "type_id": "1",
                  "title": "\u4e0d\u8981\u6bdb\u71e5\uff0c\u9759\u7535\u5f39\u5f00\uff0c\u8f7b\u719f\u5973\u7684\u79cb\u51ac\u7f8e\u53d1\u4e4b\u9053",
                  "pic": "http:\/\/pic1.bantangapp.com\/topic\/201611\/18\/52565550_2463140_1.jpg\/600x330",
                  "is_recommend": false,
                  "is_show_like": true,
                  "islike": false,
                  "views": "2492",
                  "praises": "633",
                  "likes": "620",
                  "comments": "1",
                  "items": "9",
                  "update_time": "1479452401",
                  "dateline": "1479452401",
                  "create_time_str": "11\u670812\u65e5",
                  "datestr": "54\u5206\u949f\u524d",
                  "pics": [{
                           "url": "http:\/\/pic1.bantangapp.com\/topic\/201611\/12\/web_1478923148950_22646_61470\/600x330"
                           }, {
                           "url": "http:\/\/pic1.bantangapp.com\/topic\/201611\/12\/web_1478923567995_853_82633\/600x330"
                           }, {
                           "url": "http:\/\/pic1.bantangapp.com\/topic\/201611\/12\/web_1478923722700_35761_22084\/600x330"
                           }],
                  "user": {
                  "user_id": "2463140",
                  "nickname": "\u6c34\u6676\u5973\u5b69\u5c0f\u62db\u5a23",
                  "avatar": "http:\/\/7te7t9.com2.z0.glb.qiniucdn.com\/002\/46\/31\/40.jpg?v=2",
                  "is_official": 0,
                  "article_topic_count": "",
                  "post_count": ""
                  },
                  "trace_id": "",
                  "hide_new": true
                  }, {
                  "id": "672",
                  "type": "",
                  "type_id": "",
                  "title": "\u5b66\u751f\u59b9\u7684\u62a4\u80a4\u6e05\u5355",
                  "pic": "http:\/\/bt.img.17gwx.com\/topic\/0\/6\/dFZc\/600x330",
                  "is_recommend": false,
                  "is_show_like": true,
                  "islike": false,
                  "views": "435397",
                  "praises": "153035",
                  "likes": "153021",
                  "comments": "149",
                  "items": "11",
                  "update_time": "1438426801",
                  "dateline": "1438426801",
                  "create_time_str": "07\u670825\u65e5",
                  "datestr": "08\u670801\u65e5",
                  "pics": [],
                  "user": {
                  "user_id": "1",
                  "nickname": "\u5c0f\u7cd6\u541b",
                  "avatar": "http:\/\/7te7t9.com2.z0.glb.qiniucdn.com\/000\/00\/00\/01.jpg?v=4",
                  "is_official": 1,
                  "article_topic_count": "",
                  "post_count": ""
                  },
                  "trace_id": "",
                  "hide_new": true
                  }, {
                  "id": "720",
                  "type": "",
                  "type_id": "",
                  "title": "\u61d2\u4eba\u7684\u5c45\u5bb6\u795e\u5668",
                  "pic": "http:\/\/bt.img.17gwx.com\/topic\/0\/7\/dVNe\/600x330",
                  "is_recommend": false,
                  "is_show_like": true,
                  "islike": false,
                  "views": "313169",
                  "praises": "116445",
                  "likes": "116439",
                  "comments": "4",
                  "items": "10",
                  "update_time": "1439506801",
                  "dateline": "1439506801",
                  "create_time_str": "08\u670804\u65e5",
                  "datestr": "08\u670814\u65e5",
                  "pics": [],
                  "user": {
                  "user_id": "1",
                  "nickname": "\u5c0f\u7cd6\u541b",
                  "avatar": "http:\/\/7te7t9.com2.z0.glb.qiniucdn.com\/000\/00\/00\/01.jpg?v=4",
                  "is_official": 1,
                  "article_topic_count": "",
                  "post_count": ""
                  },
                  "trace_id": "",
                  "hide_new": true
                  }, {
                  "id": "13665",
                  "type": "5",
                  "type_id": "",
                  "title": "\u6e05\u6d01\u795e\u5668\u6765\u5e2e\u5fd9\uff0c\u53a8\u623f\u77ac\u95f4\u9503\u4eae\u53d1\u5149",
                  "pic": "http:\/\/bt.img.17gwx.com\/topic\/1\/36\/c1JYYlQ\/600x330",
                  "is_recommend": false,
                  "is_show_like": true,
                  "islike": false,
                  "views": "3704",
                  "praises": "1151",
                  "likes": "1151",
                  "comments": "",
                  "items": "",
                  "update_time": "1479441601",
                  "dateline": "1479441601",
                  "create_time_str": "11\u670810\u65e5",
                  "datestr": "3\u5c0f\u65f6\u524d",
                  "pics": [],
                  "user": {
                  "user_id": "1",
                  "nickname": "\u5c0f\u7cd6\u541b",
                  "avatar": "http:\/\/7te7t9.com2.z0.glb.qiniucdn.com\/000\/00\/00\/01.jpg?v=4",
                  "is_official": 1,
                  "article_topic_count": "",
                  "post_count": ""
                  },
                  "trace_id": "",
                  "hide_new": true
                  }, {
                  "id": "743",
                  "type": "",
                  "type_id": "",
                  "title": "\u767e\u5143\u4ee5\u4e0b\u7684\u9ad8\u989c\u503c\u793c\u7269",
                  "pic": "http:\/\/bt.img.17gwx.com\/topic\/0\/7\/dVVd\/600x330",
                  "is_recommend": false,
                  "is_show_like": true,
                  "islike": false,
                  "views": "502958",
                  "praises": "116407",
                  "likes": "116392",
                  "comments": "9",
                  "items": "10",
                  "update_time": "1439730002",
                  "dateline": "1439730002",
                  "create_time_str": "08\u670808\u65e5",
                  "datestr": "08\u670816\u65e5",
                  "pics": [],
                  "user": {
                  "user_id": "1",
                  "nickname": "\u5c0f\u7cd6\u541b",
                  "avatar": "http:\/\/7te7t9.com2.z0.glb.qiniucdn.com\/000\/00\/00\/01.jpg?v=4",
                  "is_official": 1,
                  "article_topic_count": "",
                  "post_count": ""
                  },
                  "trace_id": "",
                  "hide_new": true
                  }, {
                  "id": "464",
                  "type": "",
                  "type_id": "",
                  "title": "\u9177\u5230\u6ca1\u670b\u53cb\u7684\u521b\u610f\u8bbe\u8ba1",
                  "pic": "http:\/\/bt.img.17gwx.com\/topic\/0\/4\/dlda\/600x330",
                  "is_recommend": false,
                  "is_show_like": true,
                  "islike": false,
                  "views": "352653",
                  "praises": "113606",
                  "likes": "113590",
                  "comments": "",
                  "items": "11",
                  "update_time": "1433890801",
                  "dateline": "1433890801",
                  "create_time_str": "06\u670809\u65e5",
                  "datestr": "06\u670810\u65e5",
                  "pics": [],
                  "user": {
                  "user_id": "1",
                  "nickname": "\u5c0f\u7cd6\u541b",
                  "avatar": "http:\/\/7te7t9.com2.z0.glb.qiniucdn.com\/000\/00\/00\/01.jpg?v=4",
                  "is_official": 1,
                  "article_topic_count": "",
                  "post_count": ""
                  },
                  "trace_id": "",
                  "hide_new": true
                  }, {
                  "id": "13837",
                  "type": "2",
                  "type_id": "1",
                  "title": "Bose\u4fe1\u4ef0\u5145\u503c \u60f3\u4e865\u5e74\u7684C5\u7ec8\u5165\u624b",
                  "pic": "http:\/\/pic1.bantangapp.com\/topic\/201611\/18\/53491014_2720186_1.jpg\/600x330",
                  "is_recommend": false,
                  "is_show_like": true,
                  "islike": false,
                  "views": "4484",
                  "praises": "102",
                  "likes": "87",
                  "comments": "8",
                  "items": "1",
                  "update_time": "1479438001",
                  "dateline": "1479438001",
                  "create_time_str": "11\u670816\u65e5",
                  "datestr": "4\u5c0f\u65f6\u524d",
                  "pics": [{
                           "url": "http:\/\/pic1.bantangapp.com\/topic\/201611\/16\/web_1479281675080_75557_91904\/600x330"
                           }, {
                           "url": "http:\/\/pic1.bantangapp.com\/topic\/201611\/16\/web_1479281677032_3698_95520\/600x330"
                           }, {
                           "url": "http:\/\/pic1.bantangapp.com\/topic\/201611\/16\/web_1479281677781_28483_95673\/600x330"
                           }],
                  "user": {
                  "user_id": "2720186",
                  "nickname": "\u51a0\u519bsteven",
                  "avatar": "http:\/\/7te7t9.com2.z0.glb.qiniucdn.com\/002\/72\/01\/86.jpg",
                  "is_official": 0,
                  "article_topic_count": "",
                  "post_count": ""
                  },
                  "trace_id": "",
                  "hide_new": true
                  }, {
                  "id": "710",
                  "type": "",
                  "type_id": "",
                  "title": "\u5168\u7403\u5341\u5927\u6700\u597d\u5403\u7684\u6ce1\u9762",
                  "pic": "http:\/\/bt.img.17gwx.com\/topic\/0\/7\/dVBe\/600x330",
                  "is_recommend": false,
                  "is_show_like": true,
                  "islike": false,
                  "views": "440394",
                  "praises": "107280",
                  "likes": "107270",
                  "comments": "46",
                  "items": "10",
                  "update_time": "1438743601",
                  "dateline": "1438743601",
                  "create_time_str": "08\u670801\u65e5",
                  "datestr": "08\u670805\u65e5",
                  "pics": [],
                  "user": {
                  "user_id": "1",
                  "nickname": "\u5c0f\u7cd6\u541b",
                  "avatar": "http:\/\/7te7t9.com2.z0.glb.qiniucdn.com\/000\/00\/00\/01.jpg?v=4",
                  "is_official": 1,
                  "article_topic_count": "",
                  "post_count": ""
                  },
                  "trace_id": "",
                  "hide_new": true
                  }, {
                  "id": "715",
                  "type": "",
                  "type_id": "",
                  "title": "\u6700\u9002\u5408\u7761\u524d\u8bfb\u7684\u4e66",
                  "pic": "http:\/\/bt.img.17gwx.com\/topic\/0\/7\/dVBb\/600x330",
                  "is_recommend": false,
                  "is_show_like": true,
                  "islike": false,
                  "views": "307630",
                  "praises": "78976",
                  "likes": "78974",
                  "comments": "",
                  "items": "10",
                  "update_time": "1439024401",
                  "dateline": "1439024401",
                  "create_time_str": "08\u670803\u65e5",
                  "datestr": "08\u670808\u65e5",
                  "pics": [],
                  "user": {
                  "user_id": "1",
                  "nickname": "\u5c0f\u7cd6\u541b",
                  "avatar": "http:\/\/7te7t9.com2.z0.glb.qiniucdn.com\/000\/00\/00\/01.jpg?v=4",
                  "is_official": 1,
                  "article_topic_count": "",
                  "post_count": ""
                  },
                  "trace_id": "",
                  "hide_new": true
                  }, {
                  "id": "13145",
                  "type": "2",
                  "type_id": "1",
                  "title": "100\u5757\u4e70\u4ec0\u4e48\u4e28100\u5757\u94b1\u90fd\u4e0d\u5230\u306e\u4fbf\u5b9c\u6709\u597d\u8d27\uff01",
                  "pic": "http:\/\/pic1.bantangapp.com\/topic\/201611\/08\/10054995_2668591_1.jpg\/600x330",
                  "is_recommend": false,
                  "is_show_like": true,
                  "islike": false,
                  "views": "54399",
                  "praises": "15292",
                  "likes": "15085",
                  "comments": "48",
                  "items": "16",
                  "update_time": "1478588401",
                  "dateline": "1478588401",
                  "create_time_str": "10\u670828\u65e5",
                  "datestr": "11\u670808\u65e5",
                  "pics": [{
                           "url": "http:\/\/pic1.bantangapp.com\/topic\/201610\/31\/web_1477882846111_77311_17712\/600x330"
                           }, {
                           "url": "http:\/\/pic1.bantangapp.com\/topic\/201610\/31\/web_1477881150280_10858_46560\/600x330"
                           }, {
                           "url": "http:\/\/pic1.bantangapp.com\/topic\/201610\/31\/web_1477881231043_2005_60089\/600x330"
                           }],
                  "user": {
                  "user_id": "2668591",
                  "nickname": "\u5976\u8336\u7761\u4e0d\u9192",
                  "avatar": "http:\/\/7te7t9.com2.z0.glb.qiniucdn.com\/002\/66\/85\/91.jpg",
                  "is_official": 0,
                  "article_topic_count": "",
                  "post_count": ""
                  },
                  "trace_id": "",
                  "hide_new": true
                  }, {
                  "id": "13567",
                  "type": "5",
                  "type_id": "",
                  "title": "\u7231\u751f\u6d3b\u7684\u4eba\u90fd\u77e5\u9053\u8fd9\u5341\u4e2a\u5bb6\u5c45\u54c1\u724c",
                  "pic": "http:\/\/bt.img.17gwx.com\/topic\/1\/35\/c1JbYlY\/600x330",
                  "is_recommend": false,
                  "is_show_like": true,
                  "islike": false,
                  "views": "37289",
                  "praises": "13632",
                  "likes": "13632",
                  "comments": "2",
                  "items": "",
                  "update_time": "1478862001",
                  "dateline": "1478862001",
                  "create_time_str": "11\u670808\u65e5",
                  "datestr": "11\u670811\u65e5",
                  "pics": [],
                  "user": {
                  "user_id": "1",
                  "nickname": "\u5c0f\u7cd6\u541b",
                  "avatar": "http:\/\/7te7t9.com2.z0.glb.qiniucdn.com\/000\/00\/00\/01.jpg?v=4",
                  "is_official": 1,
                  "article_topic_count": "",
                  "post_count": ""
                  },
                  "trace_id": "",
                  "hide_new": true
                  }, {
                  "id": "13688",
                  "type": "",
                  "type_id": "",
                  "title": "\u5927\u5bb6\u90fd\u5728\u4e70\u300c\u7b2c43\u671f\u300d",
                  "pic": "http:\/\/bt.img.17gwx.com\/topic\/1\/36\/c1JYbFk\/600x330",
                  "is_recommend": false,
                  "is_show_like": true,
                  "islike": false,
                  "views": "30350",
                  "praises": "11251",
                  "likes": "11163",
                  "comments": "9",
                  "items": "12",
                  "update_time": "1478862001",
                  "dateline": "1478862001",
                  "create_time_str": "11\u670811\u65e5",
                  "datestr": "11\u670811\u65e5",
                  "pics": [],
                  "user": {
                  "user_id": "1",
                  "nickname": "\u5c0f\u7cd6\u541b",
                  "avatar": "http:\/\/7te7t9.com2.z0.glb.qiniucdn.com\/000\/00\/00\/01.jpg?v=4",
                  "is_official": 1,
                  "article_topic_count": "",
                  "post_count": ""
                  },
                  "trace_id": "",
                  "hide_new": true
                  }, {
                  "id": "13815",
                  "type": "5",
                  "type_id": "",
                  "title": "\u5378\u5986\u5378\u4e0d\u5bf9\uff0c\u4fdd\u517b\u5168\u767d\u8d39",
                  "pic": "http:\/\/bt.img.17gwx.com\/topic\/1\/38\/c1JWZVQ\/600x330",
                  "is_recommend": false,
                  "is_show_like": true,
                  "islike": false,
                  "views": "4097",
                  "praises": "1448",
                  "likes": "1448",
                  "comments": "",
                  "items": "",
                  "update_time": "1479433644",
                  "dateline": "1479433644",
                  "create_time_str": "11\u670815\u65e5",
                  "datestr": "6\u5c0f\u65f6\u524d",
                  "pics": [],
                  "user": {
                  "user_id": "1",
                  "nickname": "\u5c0f\u7cd6\u541b",
                  "avatar": "http:\/\/7te7t9.com2.z0.glb.qiniucdn.com\/000\/00\/00\/01.jpg?v=4",
                  "is_official": 1,
                  "article_topic_count": "",
                  "post_count": ""
                  },
                  "trace_id": "",
                  "hide_new": true
                  }, {
                  "id": "13706",
                  "type": "",
                  "type_id": "",
                  "title": "\u7adf\u7136\u6bd4\u53cc11\u8fd8\u4fbf\u5b9c\uff01\u6211\u7684\u74dc\u90fd\u60ca\u6389\u4e86",
                  "pic": "http:\/\/bt.img.17gwx.com\/topic\/1\/37\/c1JZZFc\/600x330?v=2",
                  "is_recommend": false,
                  "is_show_like": true,
                  "islike": false,
                  "views": "35249",
                  "praises": "9199",
                  "likes": "9102",
                  "comments": "22",
                  "items": "10",
                  "update_time": "1478941201",
                  "dateline": "1478941201",
                  "create_time_str": "11\u670811\u65e5",
                  "datestr": "11\u670812\u65e5",
                  "pics": [],
                  "user": {
                  "user_id": "1",
                  "nickname": "\u5c0f\u7cd6\u541b",
                  "avatar": "http:\/\/7te7t9.com2.z0.glb.qiniucdn.com\/000\/00\/00\/01.jpg?v=4",
                  "is_official": 1,
                  "article_topic_count": "",
                  "post_count": ""
                  },
                  "trace_id": "",
                  "hide_new": true
                  }, {
                  "id": "13670",
                  "type": "5",
                  "type_id": "",
                  "title": "\u53a8\u623f\u5c0f\u767d\u4e00\u79d2\u53d8\u5927\u53a8\u6307\u5357",
                  "pic": "http:\/\/bt.img.17gwx.com\/topic\/1\/36\/c1JYY1E\/600x330",
                  "is_recommend": false,
                  "is_show_like": true,
                  "islike": false,
                  "views": "16641",
                  "praises": "6523",
                  "likes": "6523",
                  "comments": "",
                  "items": "",
                  "update_time": "1479208252",
                  "dateline": "1479208252",
                  "create_time_str": "11\u670810\u65e5",
                  "datestr": "11\u670815\u65e5",
                  "pics": [],
                  "user": {
                  "user_id": "1",
                  "nickname": "\u5c0f\u7cd6\u541b",
                  "avatar": "http:\/\/7te7t9.com2.z0.glb.qiniucdn.com\/000\/00\/00\/01.jpg?v=4",
                  "is_official": 1,
                  "article_topic_count": "",
                  "post_count": ""
                  },
                  "trace_id": "",
                  "hide_new": true
                  }, {
                  "id": "13579",
                  "type": "5",
                  "type_id": "",
                  "title": "\u60f3\u8981\u5065\u5eb7\u503c\u98d9\u5347\uff0c\u4e0d\u53ef\u4e0d\u77e5\u7684\u7535\u5668\u5c0f\u5e2e\u624b",
                  "pic": "http:\/\/bt.img.17gwx.com\/topic\/1\/35\/c1JbY1g\/600x330",
                  "is_recommend": false,
                  "is_show_like": true,
                  "islike": false,
                  "views": "22536",
                  "praises": "4724",
                  "likes": "4724",
                  "comments": "",
                  "items": "",
                  "update_time": "1479009602",
                  "dateline": "1479009602",
                  "create_time_str": "11\u670808\u65e5",
                  "datestr": "11\u670813\u65e5",
                  "pics": [],
                  "user": {
                  "user_id": "1",
                  "nickname": "\u5c0f\u7cd6\u541b",
                  "avatar": "http:\/\/7te7t9.com2.z0.glb.qiniucdn.com\/000\/00\/00\/01.jpg?v=4",
                  "is_official": 1,
                  "article_topic_count": "",
                  "post_count": ""
                  },
                  "trace_id": "",
                  "hide_new": true
                  }, {
                  "id": "13655",
                  "type": "",
                  "type_id": "",
                  "title": "OL\u65e5\u643a\u6e05\u5355\uff5c\u4ece\u5934\u5230\u811a\u7528\u7cbe\u81f4\u6b66\u88c5\u81ea\u5df1",
                  "pic": "http:\/\/bt.img.17gwx.com\/topic\/1\/36\/c1JYYVQ\/600x330?v=2",
                  "is_recommend": false,
                  "is_show_like": true,
                  "islike": false,
                  "views": "20723",
                  "praises": "4521",
                  "likes": "4472",
                  "comments": "",
                  "items": "10",
                  "update_time": "1479286801",
                  "dateline": "1479286801",
                  "create_time_str": "11\u670810\u65e5",
                  "datestr": "11\u670816\u65e5",
                  "pics": [],
                  "user": {
                  "user_id": "1",
                  "nickname": "\u5c0f\u7cd6\u541b",
                  "avatar": "http:\/\/7te7t9.com2.z0.glb.qiniucdn.com\/000\/00\/00\/01.jpg?v=4",
                  "is_official": 1,
                  "article_topic_count": "",
                  "post_count": ""
                  },
                  "trace_id": "",
                  "hide_new": true
                  }, {
                  "id": "13886",
                  "type": "2",
                  "type_id": "1",
                  "title": "\u8fd9\u8fd8\u662f\u6211\u8ba4\u8bc6\u7684\u5c0f\u7c73\u5417\uff1f\u6982\u5ff5\u624b\u673aMix\u5f00\u7bb1",
                  "pic": "http:\/\/pic1.bantangapp.com\/topic\/201611\/17\/98975553_8_1.jpg\/600x330",
                  "is_recommend": false,
                  "is_show_like": true,
                  "islike": false,
                  "views": "13474",
                  "praises": "288",
                  "likes": "246",
                  "comments": "40",
                  "items": "1",
                  "update_time": "1479385332",
                  "dateline": "1479385332",
                  "create_time_str": "21\u5c0f\u65f6\u524d",
                  "datestr": "19\u5c0f\u65f6\u524d",
                  "pics": [{
                           "url": "http:\/\/pic1.bantangapp.com\/topic\/201611\/17\/99509752_8_0.jpg\/600x330"
                           }, {
                           "url": "http:\/\/pic1.bantangapp.com\/topic\/201611\/17\/98975454_8_0.jpg\/600x330"
                           }, {
                           "url": "http:\/\/pic1.bantangapp.com\/topic\/201611\/17\/10048535_8_0.jpg\/600x330"
                           }],
                  "user": {
                  "user_id": "8",
                  "nickname": "\u7acb\u9a6c\u7535\u52a8\u8f66",
                  "avatar": "http:\/\/7te7t9.com2.z0.glb.qiniucdn.com\/000\/00\/00\/08.jpg",
                  "is_official": 0,
                  "article_topic_count": "",
                  "post_count": ""
                  },
                  "trace_id": "",
                  "hide_new": true
                  }],
        "topic_rec": []
    }
}
